1,stu-miR398b-3p, Response to Drought Tolerance,"1.	in order to withstand heat stress, target genes CSD1, CSD2, and CCS (copper chaperone) downregulate the expression of mature miR398 in Arabidopsis thaliana.
https://onlinelibrary.wiley.com/doi/full/10.1111/tpj.12169

2.	miR398a/b expression was down-regulated in the roots and buds of pea (Pisum sativum L.) under water shortage circumstances, while CSD1 expression was up-regulated, which contributed to pea resilience to water deficit stress 
https://doi.org/10.1016/j.plaphy.2014.07.008
3.	 miR398 can control the PetE2 gene, which links copper levels in Arabidopsis to the production of three important chloroplast copper proteins, plastid protein, CCS1 and CSD2, and other proteins https://doi.org/10.1016/j.febslet.2012.07.049
4.	MiR398 was also found to be involved in the regulation of CSD decomposition of superoxide root ions in rice, tobacco, maize and other plants. ", Zheng et al. 2014 
2, Stu-mi164 ,resistance to osmotic stress.,"1.	In Brassica and rice seedlings, miR164 was shown to target a NAC TF, whose expression was negatively correlated with miR164 under stress conditions including drought, salinity, and high-temperature https://pubmed.ncbi.nlm.nih.gov/24671003/ https://pubmed.ncbi.nlm.nih.gov/24604734/
2.	Arabidopsis thaliana miR164 plays an important role in the process in regulating the meristem border size, differentiation of embryo and formation of floral organ https://pubmed.ncbi.nlm.nih.gov/16172526/
3.	miR164 identified from drought-stress roots of wheat can be used as candidate to develop tolerant variety to explore and exploit the drought response for future studies. https://pubmed.ncbi.nlm.nih.gov/26174050/",Zhang et al. 2018
3, stu-novel-miR28211 ,High-Throughput MicroRNA and mRNA Sequencing Reveals that MicroRNAs may be Involved in Peroxidase-Mediated Cold Tolerance in Potato,1.High-Throughput MicroRNA and mRNA Sequencing Reveals That MicroRNAs May Be Involved in Melatonin-Mediated Cold Tolerance in Citrullus lanatus L.   https://www.ncbi.nlm.nih.gov/pmc/articles/PMC4983558/,Liao et al.2021
4,miR172,Graft-transmissible induction of potato tuberization by the microRNA miR172 ,"•	microRNA 172 (miR172) plays a role in the timing of flowering and vegetative phase change.
https://pubmed.ncbi.nlm.nih.gov/14555699/

•	it is also involved in a photoperiodic pathway controlling flowering in Arabidopsis thaliana .
https://pubmed.ncbi.nlm.nih.gov/17890372/

•	Like most plant microRNAs (miRNAs), miR172 can both repress translation and induce degradation of its target mRNAs.
•	microRNA172 down-regulates glossy15 to promote vegetative phase change in maize
https://pubmed.ncbi.nlm.nih.gov/15958531/", Martin et al. 2009
5,miR172d,Identification of the miRNAs and their target genes involved in fresh-cut potato browning inhibition by nitrogen,1.miRNA and Degradome Sequencing Identify miRNAs and Their Target Genes Involved in the Browning Inhibition of Fresh-Cut Apples by Hydrogen Sulfide.https://pubs.acs.org/doi/abs/10.1021/acs.jafc.0c02473,Wang et al. 2022
6, miR396,miRNAs Involving Potato-Phytophthora infestans Interaction,"•	target genes are evolutionarily conserved in P. infestans, coding fibronectin type III domain proteins.
•	miR394 and its target gene LEAF CURLING RESPONSIVENESS (LCR) in A. thaliana responded to drought stress in an abscisic acid-dependent manner
https://link.springer.com/article/10.1186/1471-2229-13-210
•	miR394 has been shown to be involved in plant development and inhibits leaf tilt in rice by targeting the leaf tilt gene (LC4) https://pubmed.ncbi.nlm.nih.gov/30144351/
•	The stable transformation of miR394 in Brassica napus results in changes in fruit and seed development.
https://journals.plos.org/plosone/article?id=10.1371/journal.pone.0125427",Luo et al.2023
7,miR172b-3p, Individual and combined effect of drought and heat stresses in contrasting potatocultivars overexpressing miR172b-3p.,1.Genome-Wide Identification and Characterization of AP2/ERF Transcription Factor Family Genes in Oil Palm under Abiotic Stress Conditions. https://www.ncbi.nlm.nih.gov/pmc/articles/PMC8000548/       ,Asim et al.2021
8,stu-miR159a,miR159s and their target genes and expression analysis under drought stress in potato,·        Suppression of microRNA159 impacts multiple agronomic traits in rice (Oryza sativa L.)https://www.ncbi.nlm.nih.gov/pmc/articles/PMC5699021/,Iqbal et al. 2016
9,"amiRNA-159P25, amiRNA-159HCPro and amiRNA-159Brp1(The 228 bp backbone of pre-miRNA159 of Arabidopsis was used to generate artificial pre-miRNA159 )",novel amiRNA-based mechanism that may have the potential to develop multiple viral resistance strategies in potato.,1.An effective artificial microRNA vector based on Fv-miR166 precursor from strawberry. https://www.sciencedirect.com/science/article/pii/S0304423819305321?casa_token=aY1znOIVgpMAAAAA:iKUKqAXXy_VZTDWMDoLfmJtI96e_O6ATHSlb_3DzV3OPG21Xsu-f8gtlxgz7LTfAD978AIht6A.,Jiang et al.2023
10,miR172, In silico analysis cloning and overexpression of miR172 in potato (Solanum tuberosum L. SSP andigena),1.Systematic analyses of the MIR172 family members of Arabidopsis define their distinct roles in regulation of APETALA2 during floral transition.                 https://www.ncbi.nlm.nih.gov/pmc/articles/PMC7853530/,ANJAN K. et al.2011
11, stu-miR396-5p,Screening of differentially expressed microRNAs and target genes in two potato varieties under nitrogen stress.,nil,Lu et al.2022
12,"miR172
",Photoperiodic inhibition of potato tuberization: an update,1.CONSTANS acts in the phloem to regulate a systemic signal that induces photoperiodic flowering of Arabidopsis .  https://journals.biologists.com/dev/article/131/15/3615/42501/CONSTANS-acts-in-the-phloem-to-regulate-a-systemic,Sarkar et al. 2010
13,"stu-miR8030-5p/StCPY714
",A Comprehensive Interaction Network Constructed Using miRNAs and mRNAs Provides New Insights into Potato Tuberization under High Temperatures,1.Potato tuberization is regulated by a series of tuberigen formation factors. StSP6A is the pivotal tuberization regulator homologous to Arabidopsis FLOWERING LOCUS T (FT). https://www.sciencedirect.com/science/article/pii/S1369526614001423?casa_token=-FDjRpfjEm0AAAAA:Z8jj0nKdyhtnr-aDIVlsWGrRKC37SYaZDJbwyMyi-3S3RYFVb-07GyYbDrHREysWFtLVNFeX1g,He et al.2024
14,StmiR858," R2R3-MYB transcription factors, StmiR858 and sucrose mediate potato flavonol biosynthesis.",1.Overexpression of MYB12 in tomato increased the flavonol content.         https://pubmed.ncbi.nlm.nih.gov/18643978/,Lin et al.2021
15,miR166 ,Salt/alkaline responsive miRNAs in potato,1.The microRNA159-regulated GAMYB-like genes inhibit growth and promote programmed cell death in Arabidopsis. https://pubmed.ncbi.nlm.nih.gov/20699403/,Kitazumi et al.2015
16,"artificial miRNA- 
amiR80.1-8
and amiR80.2-14","Down-regulation of CBP80 gene expression as a strategy to engineer a
drought-tolerant potato","1. An accumulation of RAB18 (responsiveto ABA 18, AT5G66400) mRNA occurs in Arabidopsis plantsexposed to low temperature, water stress or exogenous ABA (Lang& Palva, 1992). https://pubmed.ncbi.nlm.nih.gov/1463831/",Pieczynski et al.2012
17,miR171,miR171 Family Members are Involved in Drought Response in Solanum tuberosum,1.The salt- and drought-inducible poplar GRAS protein SCL7 confers salt and drought tolerance in Arabidopsis thaliana.   https://pubmed.ncbi.nlm.nih.gov/20616154/,Hwang et al.2011
18,nta-miR6019 (22-nt) ,conserved role for miRNAs and secondary siRNAs in NB-LRR/LRR immune receptor gene regulation and pathogen resistance in Solanaceae.,Sequence comparisons between the tomato sly-premiR6022 inverted repeat sequences and the tomato Hcr9-0 gene targeted by sly-miR6022 identified homology between sly-premiR6022 and Hcr9-0,Li et al.2012
19,miR394,Potato miR394 targets StA/N-INVE and StLCR to negatively regulate late blight resistance,1. miR394 regulates the growth and development of plants by targeting the genes involved in the signaling pathways related to auxin and other growth factors. https://www.sciencedirect.com/science/article/pii/S2352407315000396,Sun et al.2024
20,stu-miR530,"miRNAs and their targets involved in responding to abiotic stress including low temperature, high temperature, drought, soil salinity, and heavy metals, as well as plant-growing development.","1.Integration of sRNA, degradome, transcriptome analysis and functional investigation reveals gma-miR398c negatively regulates drought tolerance via GmCSDs and GmCCS in transgenic Arabidopsis and soybean..https://link.springer.com/article/10.1186/s12870-020-02370-y",Zhang et al.2022
21,MicroRNA156 (miR156),miR156 is a potential graft-transmissible signal that affects plant architecture and tuberization in potato (Solanum tuberosum).miR156 is a phloem-mobile signal regulating potato development.,"1.roles of miR156 and miR172 were  reported in rice (Oryza sativa). https://pubmed.ncbi.nlm.nih.gov/16861571/
2.roles of miR156 and miR172 were  reported in maize.
https://pubmed.ncbi.nlm.nih.gov/17369828/
3.In Arabidopsis, miR156 overexpression results in a prolonged juvenile phase and a delay in flowering, with increased branching and production of a large number of leaves .
https://pubmed.ncbi.nlm.nih.gov/21896627/
4.Overexpression of miR156 in switchgrass (Panicum virgatum L.) results in various morphological alterations and leads to improved biomass production.
https://pubmed.ncbi.nlm.nih.gov/22239253/
5.Over-expression of sly-miR156a in tomato results in multiple vegetative and reproductive trait alterations and partial phenocopy of the sft mutant.
https://pubmed.ncbi.nlm.nih.gov/21187095/
6.MicroRNAs prevent precocious gene expression and enable pattern formation during plant embryogenesis
https://pubmed.ncbi.nlm.nih.gov/21123653/
7.Negative regulation of anthocyanin biosynthesis in Arabidopsis by a miR156-targeted SPL transcription factor
https://pubmed.ncbi.nlm.nih.gov/21487097/
8.miR156-targeted and nontargeted SBP-box transcription factors act in concert to secure male fertility in Arabidopsis
https://pubmed.ncbi.nlm.nih.gov/21177480/
9.A systemic small RNA signaling system in plants.
https://pubmed.ncbi.nlm.nih.gov/15258266/", Bhogale et al.2013
22,miR160a-5p,CRISPR/Cas9-mediated fine-tuning of miRNA expression in tetraploid potato,1.Tuning of SlARF10A dosage by sly-miR160a is critical for auxin-mediated compound leaf and flower development. https://pubmed.ncbi.nlm.nih.gov/30144341/,Lukan et al.2022
23,miR160a-5p,Investigating effect of miR160 through overexpression in potato cultivars under single or combination of heat and drought stresses,1.The positive feedback regulatory loop of miR160-Auxin Response Factor 17-HYPONASTIC LEAVES 1 mediates drought tolerance in apple trees. https://www.ncbi.nlm.nih.gov/pmc/articles/PMC8896624/, Sanli et al.2021
24,miRNA 160 ,Generation of miRNA160 and miR166 endogenous Target Mimicry (eTM) transgenic lines in potato and their assessment against Phytophthora interactions.,1.gma-miR398c negatively regulates drought tolerance of plants through GmCSDs and GmCCS in transgenic Arabidopsis and soybean. https://link.springer.com/article/10.1186/s12870-020-02370-y,Yang et al.2021
25,"ST4.03ch01,ST4.03ch02",to identify novel miRNAs and miRNAs targeting polyphenol oxidase (PPO) in potato.,1.A MicroRNA as a Translational Repressor of APETALA2 in Arabidopsis Flower Development.https://www.science.org/doi/abs/10.1126/science.1088060,Chi et al.2015
26,"The amiRNA sequences were incorporated in an Arabidopsis thaliana miR168a gene backbone built in a plant binary vector.
The amiRNA include
amiRPPO1",Reduced polyphenol oxidase gene expression and enzymatic browning in potato (Solanum tuberosum L.) with artificial microRNAs,1.Rapid assessment of gene function in the circadian clock using artificial microRNA in Arabidopsis mesophyll protoplasts.https://pubmed.ncbi.nlm.nih.gov/20709829/,Chi et al.2014
27,miR160a/b,Knockdown of MicroRNA160a/b by STTM leads to root architecture changes via auxin signaling in Solanum tuberosum,1.      MicroRNA160 Modulates Plant Development and Heat Shock Protein Gene Expression to Mediate Heat Tolerance in Arabidopsis. https://www.ncbi.nlm.nih.gov/pmc/articles/PMC5799662/,Yang et al.2021
28, miR811, Identification of novel and conserved microRNAs related to drought stress in potato by deep sequencing,1. number of miRNAs also have been identified as being involved in response to drought stress in some plant species such as Arabidopsis thaliana.https://www.sciencedirect.com/science/article/pii/S0014579305009397,Zang et al.2014
29,miR172,quantification of miR172 in the leaves of StSUT4-silenced and leaves of StSUT4-overexpressing plants in comparison to wild type plants.,"1.      In turn, in Arabidopsis, the involvement of miR156 and miR172 and their appropriate target genes in the induction of flowering under long day (LD) conditions is well investigated. Recent advances showed that the level of miR172 and miR156 which both are involved in regulating the transitions between developmental stages, i.e., from the juvenile to adult stage as well as in the transition from the vegetative to the generative phase seem to be sugar dependent in feeding experiments .It has been shown that miR156 is repressed by glucose, as well as by sucrose. It is also shown in Arabidopsis that the age-dependent miR156 integrates sugar-dependent information about the nutritional status of the plant via the signaling molecule trehalose-6-phosphate with the age pathway for flower induction .                          2.Over-Expression of GmGIa-Regulated Soybean miR172a Confers Early Flowering in Transgenic Arabidopsis thaliana. https://www.mdpi.com/1422-0067/17/5/645",Garg et al.2014
30,stu-miR8006-p5-1ss9AT,Comparative Study of Small-RNA and Degradome Sequencing Reveals Role of Novel stu-miR8006 in Regulating Root Development in Solanum tuberosum L.,nil,Duan et al.2024
31,miR390,"miR390 downregulates StCDPK1, affecting StPIN4","1.miR390, Arabidopsis TAS3 tasiRNAs, and their AUXIN RESPONSE FACTOR targets define an autoregulatory network quantitatively regulating lateral root growth. https://pubmed.ncbi.nlm.nih.gov/20363771/#:~:text=In%20addition%2C%20ARF2%2C%20ARF3%2C,regulate%20organ%20growth%20during%20development",Santin et al.2016
32,miR172,microRNAs related to proline accumulation under drought stress in potato,"1.Despite of this, mainly research of them was focused on model plants, such as Arabidopsis thaliana and rice (Oryza sativa) (Bartel and Bartel, 2003, Bonnet et al., 2004, Sunkar et al., 2005, Griffiths-Jones et al., 2006). A).",Yang et al.2013
33,miR8788,Phytophthora infestans Ago1-associated miRNA promotes potato late blight disease,nil,Hu et al.2021
34,MiRNA160,MiRNA160 is associated with local defense and systemic acquired resistance against Phytophthora infestans infection in potato,"1.Arabidopsis miR160, miR398, and miR773 were shown to be associated with PTI. https://academic.oup.com/plphys/article/152/4/2222/6108514", Natarajan et al.2018
35,miR482e,Overexpression of potato miR482e enhanced plant sensitivity to Verticillium dahliae infection,nil,Yang et al.2015
36,miR828,Potato miR828 Is Associated With Purple Tuber Skin and Flesh Color,"1.      In A. thaliana, over-expression of miR828 resulted in reduced expression levels of MYB transcription factors and lower levels of anthocyanins. https://www.frontiersin.org/journals/plant-science/articles/10.3389/fpls.2018.01742/full",Bonar et al.2018
37,MicroR408,MicroR408 regulates defense response upon wounding in sweet potato,"1.      The expression levels of miR159, miR160, miR167, miR396, miR403, miR408, and miR828 are increased in tobacco during wounding, and those of miR156, miR164, miR166, miR168, miR171, miR172, miR319, miR390, miR393, miR394, and miR398 are enhanced particularly when herbivores attack.       https://www.ncbi.nlm.nih.gov/pmc/articles/PMC6322576/",Kuo et al.2018
38,MicroRNA160,MicroRNA160 regulates leaf curvature in potato (Solanum tuberosum L. cv. Désirée),1.      previous studies in Arabidopsis have hinted an altered leaf curvature in plants overexpressing miR160-resistant versions of class C ARFs. https://www.ncbi.nlm.nih.gov/pmc/articles/PMC1091760/,Natarajan et al.2020
39,miRNA160,Investigating the role of miRNA160 in defence response of potato.,"1.The interaction between miR160 and miR166 in the control of The interaction between miR160 and miR166 in the control of leaf development and drought tolerance in Arabidopsis leaf development and drought tolerance in Arabidopsis .chrome-extension://efaidnbmnnnibpcajpcglclefindmkaj/https://digitalcommons.mtu.edu/cgi/viewcontent.cgi?article=1125&context=biological-fp#:~:text=In%20particular%2C%20miR165%2F166%20and,members%20which%20target%20several%20genes.",KALSI et al.2022
40, Stu-mi164,Lateral root development in potato is mediated by stu-mi164 regulation of NAC transcription factor,"1. In Arabidopsis, miR164 targets several NAC transcription factors, including CUC1, CUC2 (CUP-SHAPED COTYLEDON1/2), and NAC1. One well-documented case is the regulation of NAC1, which plays a role in lateral root development and response to abiotic stress:https://www.ncbi.nlm.nih.gov/pmc/articles/PMC1091761/",Zhang et al.2018
41,miR156, Control of Plant Height and Lateral Root Development via Stu-miR156 Regulation of SPL9 Transcription Factor in Potato,"1.Studies on Arabidopsis have found that miR156 targets 11 of the 17 SPL genes .

Numerous studies have shown that miR156 is widely involved in the regulation of leaf shape, lateral root development, flowering time, and the response to drought and other stresses in different species such as Arabidopsis, rice, and tomato.https://onlinelibrary.wiley.com/doi/10.1111/j.1365-313X.2006.02983.x", Luo et al.2024
42,miR166 ,"Implications of miR166  induction to the basal response mechanisms of an andigena potato (Solanum tuberosum subsp. andigena) to salinity stress, predicted from network models in Arabidopsis.",nil,Kitazumi et al.2015
43,miRNA 172,Changes in micro RNA expression in a wild tuber-bearing Solanum species induced by 5-Azacytidine treatment,nil,Marfil et al.2014
44,miR398, MicroRNA398: A Master Regulator of Plant Development and Stress Responses,1.Molecular manipulations of miR398 increase rice grain yield under different conditions.https://www.frontiersin.org/journals/plant-science/articles/10.3389/fpls.2022.1037604/full,Li et al.2014
45,stu-miR169s, Identification of four novel stu-miR169s and their target genes in Solanum tuberosum and expression profiles response to drought stress,1.The Arabidopsis NFYA5 Transcription Factor Is Regulated Transcriptionally and Posttranscriptionally to Promote Drought Resistance.https://www.ncbi.nlm.nih.gov/pmc/articles/PMC2553615/,Yang et al.2015
46,stu-miR482a-3p, Identification of potassium phosphite responsive miRNAs and their targets in potato,1.Dissecting Phosphite-Induced Priming in Arabidopsis Infected with Hyaloperonospora arabidopsidis   .https://academic.oup.com/plphys/article/159/1/286/6109183,Rey-Burusco et al.2019
47, Stu-miR827,Stu-miR827-Targeted StWRKY48 Transcription Factor Negatively Regulates Drought Tolerance of Potato by Increasing Leaf Stomatal Density.,1.The Arabidopsis GTL1 Transcription Factor Regulates Water Use Efficiency and Drought Tolerance by Modulating Stomatal Density via Transrepression of SDD1 .https://academic.oup.com/plcell/article/22/12/4128/6097007,Yang et al.2022
48,miR395,"In silico identification of candidate microRNAs and their targets in potato somatic hybrid 
Solanum tuberosum (+) S. pinnatisectum for late blight resistance
.","1.miR395 family is a conserved small RNA family that has 
been found in Arabidopsis, rice, wheat, Brassica and many 
plant species. It implicates to a range of plant developmental 
process and abiotic/biotic stress response, as illustrated in 
variety of biological functions in potato .",Singh et al.2016
49,"miR156. A non-coding, non cleavable RNA-Mimic of 
miR156 (MIM156) construct in Solanum tuberosum ssp andigena to obtain miR156
Knockdown",Generation of miR156 knockdown lines and expression analysis of putative miRNAs involved in potato tuberisation,"FLOWERING LOCUS T (FT) protein is the main component of flowering 
hormone signal in Arabidopsis thaliana. A paralogue of this is present in Solanum 
tuberosum ssp andigena, SP6A and is known to have a role in regulating 
tuberisation. The expression of this gene is strongly up-regulated in leaves and 
stolons in plants under short day conditions prior to tuberisation. Under long day 
conditions the expression of SP6A is downregulated by the activity of CONSTANS 
protein mediated by PHYB by an unknown mechanism(Navarro et al., 2011). This 
was proved by the tuberisation of antisense PHYB plants under long day conditions. 
Furthermore it is supported by the absence/late induction of tubers in a short day 
plant over expressing CONSTANS protein.",REVI et al.2015
50,artificial miRNAs (amiRNAs) - vd-sRNAs derived from the virulence modulating region of PSTVd,Silencing of transcription factor encoding gene StTCP23 by small RNAs derived from the virulence modulating region of potato spindle tuber viroid is associated with symptom development in potato,nil,Bao et al.2019
51,miR159,The control of developmental phase transitions by microRNAs and their targets in seed plants,1.the juvenile-to-adult transition is featured by the formation of leaf abaxial trichomes and increased leaf length/width ratio and serration in Arabidopsis.https://pubmed.ncbi.nlm.nih.gov/30079076/,Ma et al.2019
52,miR482," Evolutionarily Dynamic, but Robust, Targeting of Resistance Genes by the miR482Gene Family in the Solanaceae .",1.Evolution of Arabidopsis microRNA families through duplication events.https://pubmed.ncbi.nlm.nih.gov/16520461/,Vries et al.2015
