stu-miR398b-3p,GAGUGUGCCUUAGAACACAGGUguauuuuggucuacuccuguuuuggacccaaaauaugcUUGUGUUCUCAGGUCACCCCU           ..(((.((((.((((((((((((((((((((((((.........)))).)))))))))))))))))))).)))))))....
Stu-MIR164,UGGAGAAGCAGGGCACAUGCUgaauuacuugaaacuuugauuauucaagaauuuugCAUGUGCUCUAGCUCUCCAGC                                                                  ((((((.(((((((((((((.(((((.((((((..........))))))))))).))))))))))).))))))))..
miR172d                                                                                                                                                                                                                                                                                                                                                                                                                                                                  ,GGAGCAUCAUCAAGAUUCACAuagcuauauuagggcuuuuauaauuuuuaaaagcccuaugacgaugugugGGAAUCUUGAUGAUGCUGCAG                                                              (.((((((((((((((((.((((.......(((((((((((.......)))))))))))........)))).)))))))))))))))).)..
stu-novel-miR28211 &stu-novel-miR43095,NOT AVAILABLE
mir172,GUAGCAUAAUCAAGAUUCACAugaaaaguugcaaauuuguuauauaauugaugaaauuaauggcuagcuauuugaaauucaugAGAAUCUUGAUGAUGCUGCAU                                              (((((((.((((((((((.(((((...(((.(((((..(((((.(((((.....)))))))))).....))))).)))))))).)))))))))).)))))))..
miR172d,GGAGCAUCAUCAAGAUUCACAuagcuauauuagggcuuuuauaauuuuuaaaagcccuaugacgaugugugGGAAUCUUGAUGAUGCUGCAG                                                               (.((((((((((((((((.((((.......(((((((((((.......)))))))))))........)))).)))))))))))))))).)..                        
miR482e,guguuucggggagguguuggAGUGGGUGGUGUGGUAAGAUUucauauuuauuuuccauaaaaauugagaUCUUGCCAAUACCGCCCAUUCCuauggcuuccgaucauuucu                                   (((..(((((.((.(((.((((((((((((((((((((((((((..(((((.....)))))...)))))))))))).)))))))))))))).))).))))))).)))....
miR396,UUCCACAGCUUUCUUGAACUUcuucuugcuaaauuuugaucucuaaauugauaauuuugagaugaaauuuuugaagcuaugaaaGUCCAAGAAAGCUGUGGGAAA                                             ((((((((((((((((.((((......((((((.(((.(((((.(((((...))))).))))).))).)))...))).....)))).))))))))))))))))..
miR166,GGAAUGUUGUCUGGCUCGAGGaaucaaauucuuuauuacucauagaucuguauauuguuuauagaucuauaauguuuuugacgucgUCGGACCAGGCUUCAUUCCCC                                           ((((((..((((((.((((.((.(((((..(.(((.......((((((((((.......))))))))))))).)..)))))..)).)))).))))))..))))))..
miR6149-5P,UUGCAACACACCUGAAUCGUCaaauauuuuuuaauauauauuuguUGAUUCAGGUUUGUAUGCAAAC                                                                                    ((((((((.((((((((((.(((((((..........))))))).)))))))))).))).)))))..
 novel133 or novel140,NOT AVAILABLE
miR394,NOT AVAILABLE
miR172b-3p,GCAGCACCAUCAAGAUUCACAuagaaaauauggacuaugaaaugaaauaugcccaauuuuugaauacaugAGAAUCUUGAUGAUGCUGCAU                                                       ((((((.(((((((((((.(((.((((((.(((.((((........))).).)))))))))......))).))))))))))).))))))..
 stu-miR159a,NOT AVAILABLE
stu-miR159b ,
stu-miR159c,
amiRNA-159P25,NOT AVAILABLE
amiRNA-159HCPro ,
amiRNA-159Brp1,
miR172,GUAGCAUAAUCAAGAUUCACAugaaaaguugcaaauuuguuauauaauugaugaaauuaauggcuagcuauuugaaauucaugAGAAUCUUGAUGAUGCUGCAU                                             (((((((.((((((((((.(((((...(((.(((((..(((((.(((((.....)))))))))).....))))).)))))))).)))))))))).)))))))..
stu-miR396-5p,UUCCACAGCUUUCUUGAACUUcuucuugcuaaauuuugaucucuaaauugauaauuuugagaugaaauuuuugaagcuaugaaaGUCCAAGAAAGCUGUGGGAAA                                             ((((((((((((((((.((((......((((((.(((.(((((.(((((...))))).))))).))).)))...))).....)))).))))))))))))))))..
stu-miR482a-3p,gaguuuuucgaaaaucuaugGGAAUUGGUGGAUUGGAAAGCuuuuauuuucuucugauuagcUUUCCAAUUCCACCCAUUCCUAugguuuuucgguauccucuc                                                     (((..(.(((((((.((((((((((.((((((((((((((((.(((........)))..)))))))))).)))))).)))))))))).))))))).)..)))..
stu-miR8036-3p,GGAGGAAUCGAAAGAUAUAAGgauuuauuuauuuuuucaauuugauuggaaaaauagaaaaaaaaagaauUAUGUCUUUCCGAUGCCUCCCA                                                              (((((.((((((((((((((...(((.((((((((((((((...)))))))))))))).....)))...)))))))))).)))).)))))..
miR172,GUAGCAUAAUCAAGAUUCACAugaaaaguugcaaauuuguuauauaauugaugaaauuaauggcuagcuauuugaaauucaugAGAAUCUUGAUGAUGCUGCAU                                                  (((((((.((((((((((.(((((...(((.(((((..(((((.(((((.....)))))))))).....))))).)))))))).)))))))))).)))))))..
stu-miR8030-5p,UUGGGUUGGUUUGGUCUCGGGUUgauuuuuuuuaaUUAAAACCAAAUCAACCCAAAU                                                                                              (((((((((((((((....((((((......))))))...)))))))))))))))..
 stu-miR7981f-p5,NOT AVAILABLE
stu-miR10532A,NOT AVAILABLE
StmiR858,NOT AVAILABLE
miR166 ,GGAAUGUUGUCUGGCUCGAGGaaucaaauucuuuauuacucauagaucuguauauuguuuauagaucuauaauguuuuugacgucgUCGGACCAGGCUUCAUUCCCC                                             ((((((..((((((.((((.((.(((((..(.(((.......((((((((((.......))))))))))))).)..)))))..)).)))).))))))..))))))..
miR159,NOT AVAILABLE
artificial miRNA- amiR80.1-8,NOT AVAILABLE
amiR80.2-14,
miR171,UAUUGGCCUGGUUCACUCAGAcaacaaaaugaaacuauauuuaaaugguggaguuucuguuuuccguuUGAUUGAGCCGUGCCAAUAUC                                                                    (((((((.(((((((.((((((...(((..((((((.((((.....)))).))))))..)))...)))))).))))))).)))))))..
nta-miR6019 (22-nt) ,uccuaguugucaaaaguucgUACAGGUGACUUGUAAAUGUUUugcgaccuucuaauaugauacuggcaaaacauuuacacguaccuuguaugaacuuuugauucuagcuuug                                                                                   ..((((..((((((((((((((((((((.(.((((((((((((((.(...((......))...).)))))))))))))).))))).)))))))))))))))).)))).....
nta-miR6020 (21-nt),ucccuauacagacgaccuguAAAUGUUUUUCGAGUAUCUUCauucuucccucauccuacugauguuuuagagaggaAGAUACUCAGCAAAACAUUUACugguuacuuguauagaauca                                   ...((((((((..((((.(((((((((((.(((((((((((.(((((....((((.....)))).....))))))))))))))).).))))))))))).))))..)))))))).....
miR394,NOT AVAILABLE
stu-miR530,UCUGCAUUUGCACCUGCACCUuagugaacgaauuuguuagcguauaauucaugcagaaagguguuggugcucaugcagaca                                                                                                                                                                                                           (((((((..(((((.(((((((..((...(((((...........)))))...))..))))))).)))))..)))))))..
stu-miR167b,UGAAGCUGCCAGCAUGAUCUAaacuuuucuauugcucuguacgaggaaagaucaGAUCAUGUGGCAGCAUCACC                                                                            (((.(((((((.((((((((...(((((((..(((...)))..)))))))...))))))))))))))).)))..
 stu-miR156d,UUGACAGAAGAUAGAGAGCACuaaugaugauaugcuaauuucauucagcaaaagcaucucacuucauuuguGCUCUCUAUGCUUCUGUCAUCA                                                          .((((((((((((((((((((.((((((((.(((((................))))).)))..))))).))))))))))).)))))))))…
stu-novel-miR5125,NOT AVAILABLE
miR156,UUGACAGAAGAUAGAGAGCACagaugauaaagugcauggaaauugucugcaccuuacuccuuugugcucuuuauucuucugucauca                                                                                                                                                                                         .(((((((((((((((((((((((.(((((.(((((.((......))))))).))).)).))))))))))))).))))))))))...
miR160a-5p,UGCCUGGCUCCCUGUAUGCCAuuugcaaagcucaccguaauauaucgaugggccuuguugaaugGCGUAUGAGGAGCCAAGCAUA                                                                    (((.(((((((.((((((((((((((((.(((((.((........)).))))).))).))))))))))))).))))))).)))..
miR160b-5p ,UGCCUGGCUCCCUGUAUGCCAcacacuuucaccaauucuuugauugacugaucaguggguggcgugcgaggagccaagcaua                                                                                 (((.(((((((.((((((((((.((((.(((.(((((....)))))..)))..)))).)))))))))).))))))).)))..
miR390a-5p,NOT AVAILABLE
miR160a-5p,UGCCUGGCUCCCUGUAUGCCAuuugcaaagcucaccguaauauaucgaugggccuuguugaaugGCGUAUGAGGAGCCAAGCAUA                                                                     (((.(((((((.((((((((((((((((.(((((.((........)).))))).))).))))))))))))).))))))).)))..
miRNA 160 ,UGCCUGGCUCCCUGUAUGCCAuuugcaaagcucaccguaauauaucgaugggccuuguugaaugGCGUAUGAGGAGCCAAGCAUA                                                                (((.(((((((.((((((((((((((((.(((((.((........)).))))).))).))))))))))))).))))))).)))..
miRNA166,GGAAUGUUGUCUGGCUCGAGGaaucaaauucuuuauuacucauagaucuguauauuguuuauagaucuauaauguuuuugacgucgUCGGACCAGGCUUCAUUCCCC                                                ((((((..((((((.((((.((.(((((..(.(((.......((((((((((.......))))))))))))).)..)))))..)).)))).))))))..))))))..
ST4.03ch01,NOT AVAILABLE
ST4.03ch02,NOT AVAILABLE
ST4.03ch03,NOT AVAILABLE
ST4.03ch05,NOT AVAILABLE
ST4.03ch06,NOT AVAILABLE
ST4.03ch09,NOT AVAILABLE
ST4.03ch011,NOT AVAILABLE
amiRPPO1,NOT AVAILABLE
amiRPPPO2,NOT AVAILABLE
amiRPPO3,NOT AVAILABLE
amiRPPO23,NOT AVAILABLE
amiRPPO234,NOT AVAILABLE
amiRPPO234A,NOT AVAILABLE
amiRPPO1234,NOT AVAILABLE
miR160a,UGCCUGGCUCCCUGUAUGCCAuuugcaaagcucaccguaauauaucgaugggccuuguugaaugGCGUAUGAGGAGCCAAGCAUA                                                             (((.(((((((.((((((((((((((((.(((((.((........)).))))).))).))))))))))))).))))))).)))..
miR160b,UGCCUGGCUCCCUGUAUGCCAcacacuuucaccaauucuuugauugacugaucaguggguggcgugcgaggagccaagcaua                                                                                          (((.(((((((.((((((((((.((((.(((.(((((....)))))..)))..)))).)))))))))).))))))).)))..
 miR811,NOT AVAILABLE
miR814,NOT AVAILABLE
miR835,NOT AVAILABLE
miR4398,NOT AVAILABLE
miR172,GUAGCAUAAUCAAGAUUCACAugaaaaguugcaaauuuguuauauaauugaugaaauuaauggcuagcuauuugaaauucaugAGAAUCUUGAUGAUGCUGCAU                                         (((((((.((((((((((.(((((...(((.(((((..(((((.(((((.....)))))))))).....))))).)))))))).)))))))))).)))))))..
stu-miR8006-p5-1ss9AT,NOT AVAILABLE
miR390,AAGCUCAGGAGGGAUAGCACCaugaauacaucuuaauaacuaucuauagCGCUAUCCAUCUUGAGUUUUA                                                                                                                       ((((((((((.(((((((.(.(((.(((............))).))).).))))))).))))))))))..
miR172,GUAGCAUAAUCAAGAUUCACAugaaaaguugcaaauuuguuauauaauugaugaaauuaauggcuagcuauuugaaauucaugAGAAUCUUGAUGAUGCUGCAU                                                     (((((((.((((((((((.(((((...(((.(((((..(((((.(((((.....)))))))))).....))))).)))))))).)))))))))).)))))))..
 miR396a,NOT AVAILABLE
miR396c,NOT AVAILABLE
miR4233,NOT AVAILABLE
miR2673 ,NOT AVAILABLE
miR6461,NOT AVAILABLE
miR8788,NOT AVAILABLE
MiRNA160,UGCCUGGCUCCCUGUAUGCCAuuugcaaagcucaccguaauauaucgaugggccuuguugaaugGCGUAUGAGGAGCCAAGCAUA                                                                     (((.(((((((.((((((((((((((((.(((((.((........)).))))).))).))))))))))))).))))))).)))..
miR482e,guguuucggggagguguuggAGUGGGUGGUGUGGUAAGAUUucauauuuauuuuccauaaaaauugagaUCUUGCCAAUACCGCCCAUUCCuauggcuuccgaucauuucu                                            (((..(((((.((.(((.((((((((((((((((((((((((((..(((((.....)))))...)))))))))))).)))))))))))))).))).))))))).)))....
miR828,NOT AVAILABLE
MicroR408,NOT AVAILABLE
MicroRNA160,NOT AVAILABLE
miRNA166,GGAAUGUUGUCUGGCUCGAGGaaucaaauucuuuauuacucauagaucuguauauuguuuauagaucuauaauguuuuugacgucgUCGGACCAGGCUUCAUUCCCC                                           ((((((..((((((.((((.((.(((((..(.(((.......((((((((((.......))))))))))))).)..)))))..)).)))).))))))..))))))..
miRNA160,UGCCUGGCUCCCUGUAUGCCAuuugcaaagcucaccguaauauaucgaugggccuuguugaaugGCGUAUGAGGAGCCAAGCAUA                                                                    (((.(((((((.((((((((((((((((.(((((.((........)).))))).))).))))))))))))).))))))).)))..
 Stu-mi164,UGGAGAAGCAGGGCACAUGCUgaauuacuugaaacuuugauuauucaagaauuuugCAUGUGCUCUAGCUCUCCAGC                                                                            ((((((.(((((((((((((.(((((.((((((..........))))))))))).))))))))))).))))))))..
miR156,UUGACAGAAGAUAGAGAGCACagaugauaaagugcauggaaauugucugcaccuuacuccuuugugcucuuuauucuucugucauca                                                                                                                                                                                   .(((((((((((((((((((((((.(((((.(((((.((......))))))).))).)).))))))))))))).))))))))))...
miR166 ,GGAAUGUUGUCUGGCUCGAGGaaucaaauucuuuauuacucauagaucuguauauuguuuauagaucuauaauguuuuugacgucgUCGGACCAGGCUUCAUUCCCC                                                                          ((((((..((((((.((((.((.(((((..(.(((.......((((((((((.......))))))))))))).)..)))))..)).)))).))))))..))))))..
 miR159,NOT AVAILABLE
miRNA 172,GUAGCAUAAUCAAGAUUCACAugaaaaguugcaaauuuguuauauaauugaugaaauuaauggcuagcuauuugaaauucaugAGAAUCUUGAUGAUGCUGCAU                                               (((((((.((((((((((.(((((...(((.(((((..(((((.(((((.....)))))))))).....))))).)))))))).)))))))))).)))))))..
miR398,GGGUUGAUUUGAGAACAUAUGuaugggcauauuuuguuucuaacaauuuauuguuuauaaaugugacacaUAUGUUCUCAGGUCGCCCCUG                                                       (((.(((((((((((((((((((((((((((..(((((...)))))..)).))))))).........)))))))))))))))))).)))..
stu-miR169s,NOT AVAILABLE
stu-miR482a-3p,gaguuuuucgaaaaucuaugGGAAUUGGUGGAUUGGAAAGCuuuuauuuucuucugauuagcUUUCCAAUUCCACCCAUUCCUAugguuuuucgguauccucuc                                                     (((..(.(((((((.((((((((((.((((((((((((((((.(((........)))..)))))))))).)))))).)))))))))).))))))).)..)))..
stu-miR482c,gagagauuugggaagcuuuuggagugggugggauggaaaaauaucguauuuauuuuuuuuccuuaaaaggcaaaaaagauaagaaaugagauuUUUCCUAUUCCACCCAUGCCAAuggcuuccaaucauuuacuc                                                        (((((((...(((((((.((((.(((((((((((((((((((.((((.(((((((((((((((....))).))))))))))))..)))).)))))))).))))))))))).)))).)))))))....)))).)))
stu-miR166b,ggaauguuguuugguucgaaaucauucaacaaauuaaaguccaucucgaugaucaaugaauugaaugauuUCGGACCAGGCUUCAUUCCUC                                                                                                                                                       ((((((..(((((((((((((((((((((...(((...(((......)))....)))...)))))))))))))))))))))..))))))..
 stu-miR171a-5p,NOT AVAILABLE
stu-miR530_L-2R+2,NOT AVAILABLE
stu-MIR7985-p5,NOT AVAILABLE
 PC-5p-1305_1307,NOT AVAILABLE
 Stu-miR827,UUUGUUGAUGGUCAUCUAUUCaucauaucauuuggcauaguuuuugcaaccauuaauaugccaugaUUAGAUGAACAUCAACAAACA                                                                      ((((((((((.(((((((.(((..........(((((((.((..((....))..)))))))))))).))))))).))))))))))..
miR3953,NOT AVAILABLE
miR821,NOT AVAILABLE
miR1030,NOT AVAILABLE
miR1510,NOT AVAILABLE
miR2673,NOT AVAILABLE
miR979,NOT AVAILABLE
miR5021,NOT AVAILABLE
miR5213,NOT AVAILABLE
miR156,UUGACAGAAGAUAGAGAGCACagaugauaaagugcauggaaauugucugcaccuuacuccuuugugcucuuuauucuucugucauca                                                                                                                                                                                  .(((((((((((((((((((((((.(((((.(((((.((......))))))).))).)).))))))))))))).))))))))))...
Artifical miRNA,NOT AVAILABLE
miR156 ,UUGACAGAAGAUAGAGAGCACagaugauaaagugcauggaaauugucugcaccuuacuccuuugugcucuuuauucuucugucauca                                                                                                                                                                          .(((((((((((((((((((((((.(((((.(((((.((......))))))).))).)).))))))))))))).))))))))))...
miR159,NOT AVAILABLE
 miR166,GGAAUGUUGUCUGGCUCGAGGaaucaaauucuuuauuacucauagaucuguauauuguuuauagaucuauaauguuuuugacgucgUCGGACCAGGCUUCAUUCCCC
,((((((..((((((.((((.((.(((((..(.(((.......((((((((((.......))))))))))))).)..)))))..)).)))).))))))..))))))..
miR172,GUAGCAUAAUCAAGAUUCACAugaaaaguugcaaauuuguuauauaauugaugaaauuaauggcuagcuauuugaaauucaugAGAAUCUUGAUGAUGCUGCAU                                                                                     (((((((.((((((((((.(((((...(((.(((((..(((((.(((((.....)))))))))).....))))).)))))))).)))))))))).)))))))..
miR396,UUCCACAGCUUUCUUGAACUUcuucuugcuaaauuuugaucucuaaauugauaauuuugagaugaaauuuuugaagcuaugaaaGUCCAAGAAAGCUGUGGGAAA                                               ((((((((((((((((.((((......((((((.(((.(((((.(((((...))))).))))).))).)))...))).....)))).))))))))))))))))..
miR482,gaguuuuucgaaaaucuaugGGAAUUGGUGGAUUGGAAAGCuuuuauuuucuucugauuagcUUUCCAAUUCCACCCAUUCCUAugguuuuucgguauccucuc                                                    (((..(.(((((((.((((((((((.((((((((((((((((.(((........)))..)))))))))).)))))).)))))))))).))))))).)..)))..
miR2118,NOT AVAILABLE
